articulo 1,articulo 2,articulo 3,articulo 4,articulo 5
fantoche,,,,
lucky,,,,
block,,,,
pier,,,,
coca,,,,
liverpool,,,,
chester,,,,
coca,,,,
lata coca,,,,
vino,,,,
caramelos,,,,
don satur,,,,
cepita,,,,
caramelos,,,,
pan,,,,
coca,,,,
pan,,,,
liverpool,,,,
mentoplus,,,,
coca,,,,
chester,,,,
pier,,,,
fantonche,quilmes,,,
chester,,,,
pañuelos,,,,
9 de oro,,,,
guaymayen,coca,,,
brahma,,,,
brahma,,,,
guaymayen,caramelos,,,
caramelos,,,,
lucky,caramelos,,,
fanta,,,,
pebete,lata coca,,,
brahma,coca,caramelos,,
caramelos,,,,
chester,,,,
pier,,,,
coca,phillip,guaymayen,,
coca,,,,
liverpool,,,,
alka,,,,
pier,,,,
liverpool,,,,
quilmes,,,,
lucky,,,,
phillip,encendedor,,,
lucky,,,,
chester,,,,
pier,,,,
phillip,9 de oro,,,
alka,,,,
encendedor,,,,
malboro,,,,
kit kat,,,,
chester,,,,
pier,,,,
quilmes,,,,
santa fe,liverpool,,,
quilmes,,,,
pebete,pritty,,,
pier,,,,
phillip,quilmes,,,
coca,encendedor,,,
saladix,,,,
caramelos,,,,
lucky,,,,
pier,brahma,,,
vocacion,,,,
café,guaymayen,,,
café,turron,,,
quilmes,kit kat,,,
quilmes,,,,
liverpool,,,,
pier,belden,,,
quilmes,,,,
lata coca,,,,
liverpool,,,,
cepita,,,,
quilmes,caramelos,,,
mogul,,,,
philip,alka,,,
don satur,guaymayen,alka,,
fresh,alka,,,
chester,alka,,,
quilmes,,,,
fernet,,,,
liverpool,caramelos,,,
turron,caramelos,,,
liverpool,,,,
encendedor,,,,
saladix,,,,
caramelos,,,,
saladix,,,,
chester,,,,
coca,,,,
liverpool,,,,
fanta,,,,
terepin,,,,
brahma,,,,
pier,,,,
liverpool,,,,
lucky,,,,
phillip,pebete,,,
fernet,,,,
speed,,,,
chester,,,,
levite,,,,
phillip,alka,,,
belden,,,,
caramelos,,,,
liverpool,,,,
café,,,,
fresh,,,,
santa fe,,,,
caramelos,,,,
phillip,belden,,,
café,,,,
pier,alka,,,
café,,,,
powerade,belden,,,
sanguche milanesa,,,,
sanguche milanesa,sprite,,,
schneider,,,,
pier,belden,,,
belden,,,,
phillip,,,,
lucky,,,,
liverpool,caramelos,,,
encendedor,,,,
café,fantoche,,,
pier,,,,
brahma,liverpool,,,
caramelos,,,,
sanguche milanesa,,,,
quilmes,,,,
liverpool,,,,
belden,chester,,,
pier,,,,
twistos,,,,
guaymayen,,,,
lucky,,,,
dos corazones,mentoplus,,,
fantoche,,,,
quilmes,dorito,,,
pier,,,,
phillip,alka,,,
phillip,,,,
stella,,,,
brahma,,,,
pier,,,,
schneider,,,,
coca,liverpool,,,
coca,,,,
brahma,,,,
quilmes,,,,
brahma,,,,
brahma,,,,
pitusas,,,,
doctor lemon,,,,
brahma,,,,
pier,brahma,,,
sprite,monster,,,
belden,,,,
chester,mentoplus,,,
phillip,,,,
liverpool,,,,
petaca,,,,
pebete,polvorita,,,
coca,chupetin,,,
malboro,encendedor,belden,,
pier,encendedor,,,
brahma,,,,
quilmes,lata coca,,,
belden,,,,
doctor lemon,,,,
pritty,,,,
malboro,,,,
belden,pañuelos,,,
quilmes,,,,
belden,,,,
coca,,,,
phillip,,,,
brahma,,,,
malboro,block,,,
pier,alka,,,
fernet,,,,
phillip,quilmes,,,
caramelos,,,,
malboro,,,,
chester,,,,
phillip,,,,
lata coca,,,,
pan,,,,
aquarius,,,,
caramelos,,,,
pier,,,,
coca,lays,,,
encendedor,,,,
mentoplus,,,,
coca,,,,
sanguche milanesa,fresh,,,
pier,coca,,,
chester,,,,
caramelos,,,,
lucky,,,,
saladix,,,,
brahma,,,,
belden,,,,
malboro,,,,
pier,,,,
caramelos,,,,
caramelos,,,,
rodesia,pier,,,
lucky,coca,,,
oreo,,,,
pier,coca,,,
café,,,,
belden,café,,,
chester,,,,
pier,,,,
quilmes,,,,
belden,,,,
pronto,,,,
lucky,,,,
vocacion,,,,
levite,,,,
quilmes,,,,
caramelos,,,,
sanguche milanesa,quilmes,levite,,
caramelos,,,,
liverpool,,,,
coca,,,,
schneider,lays,,,
liverpool,caramelos,,,
pier,caramelos,,,
agua,,,,
chester,,,,
phillip,,,,
phillip,,,,
doble cola,,,,
phillip,caramelos,,,
pier,alka,,,
liverpool,petaca,,,
sanguche milanesa,,,,
fresh,,,,
chester,,,,
facturas,matecocido,,,
facturas,,,,
alka,,,,
phillip,,,,
pier,,,,
sanguche milanesa,coca,caramelos,phillip,guaymayen
pier,caramelos,,,
phillip,alka,,,
lucky,caramelos,,,
lucky,,,,
phillip,,,,
rodecia,caramelos,fantoche,,
sanguche milanesa,sprite,,,
phillip,,,,
guaymayen,,,,
agua tonica,,,,
caramelos,,,,
coca,pier,,,
liverpool,,,,
fresh,,,,
liverpool,,,,
lucky,,,,
pier,,,,
fantoche,monster,,,
sprite,,,,
pier,,,,
9 de oro,,,,
pier,,,,
lucky,caramelos,,,
caramelos,,,,
guaymayen,,,,
belden,lucky,,,
phillip,,,,
coca,,,,
malboro,,,,
liverpool,,,,
belden,,,,
brahma,,,,
chester,,,,
brahma,,,,
belden,,,,
monster,,,,
brahma,fantoche,,,
pronto,,,,
baggio,,,,
malboro,belden,,,
chester,sanguche de miga,,,
chester,,,,
lucky,,,,
mentoplus,alka,,,
brahma,,,,
chester,,,,
schneider,coca,,,
matecocido,facturas,,,
mentoplus,levite,,,
phillip,alka,,,
lucky,,,,
fantoche,caramelos,,,
pier,,,,
chester,lucky,alka,,
malboro,alka,,,
brahma,coca,,,
quilmes,caramelos,,,
facturas,,,,
pier,,,,
quilmes,,,,
coca,,,,
brahma,pebete,,,
chester,,,,
phillip,,,,
dos corazones,,,,
pier,,,,
brahma,,,,
quilmes,,,,
alka,,,,
brahma,,,,
pier,,,,
liverpool,,,,
quilmes,,,,
liverpool,alka,,,
facturas,,,,
facturas,,,,
phillip,,,,
brahma,,,,
mentoplus,belden,,,
lucky,,,,
lays,baggio,coca,,
matecocido,facturas,,,
aquarius,,,,
aquarius,,,,
caramelos,,,,
santa fe,,,,
pritty,,,,
yerba,,,,
aquarius,,,,
saladix,aquarius,,,
bandeja de miga,,,,
brahma,,,,
facturas,,,,
brahma,,,,
pier,coca,belden,,
stella,,,,
aquarius,pier,,,
stella,,,,
pier,fantoche,,,
fantoche,opera,,,
chester,,,,
phillip,,,,
caramelos,,,,
chester,,,,
coca,,,,
brahma,,,,
mentoplus,,,,
pier,caramelos,,,
phillip,,,,
coca,,,,
chester,,,,
chester,,,,
quilmes,,,,
phillip,,,,
pritty,pitusas,,,
sanguche milanesa,,,,
quilmes,alka,,,
liverpool,,,,
dos corazones,,,,
pier,,,,
chester,caramelos,,,
lucky,caramelos,,,
pier,,,,
chester,,,,
schneider,,,,
encendedor,,,,
chester,,,,
facturas,,,,
quilmes,,,,
facturas,bizcochos,,,
encendedor,,,,
phillip,alka,,,
fantoche,quilmes,,,
encededor,,,,
phillip,,,,
coca,,,,
pier,,,,
coca,,,,
pier,,,,
encendedor,,,,
sanguche milanesa,,,,
pier,,,,
mentoplus,,,,
pebete,,,,
sanguche milanesa,,,,
quilmes,baggio,,,
9 de oro,,,,
speed,,,,
pier,,,,
liverpool,,,,
chester,,,,
aquarius,sprite,,,
lucky,,,,
sanguche milanesa,don satur,caramelos,,
fresh,,,,
coca,,,,
levite,,,,
coca,,,,
liverpool,,,,
sanguche milanesa,,,,
lucky,,,,
9 de oro,,,,
aquarius,,,,
levite,,,,
phillip,,,,
lucky,,,,
phillip,,,,
pier,,,,
chester,,,,
lucky,fernet,baggio,,
liverpool,,,,
coca,,,,
brahma,pier,,,
brahma,,,,
café,,,,
liverpool,,,,
doble cola,caramelos,,,
chester,mentoplus,belden,,
caramelos,,,,
chester,,,,
belden,,,,
coca,block,,,
pier,,,,
phillip,,,,
encendedor,,,,
pier,,,,
matecocido,alfajor santafecino,,,
phillip,belden,,,
encendedor,,,,
malboro,coca,,,
cepita,,,,
yerba,,,,
phillip,,,,
phillip,,,,
pipas,,,,
lucky,,,,
coca,phillip,,,
encendedor,,,,
pier,alka,,,
pebete,,,,
quilmes,,,,
liverpool,,,,
vocacion,,,,
brahma,,,,
belden,,,,
malboro,,,,
belden,,,,
sanguche milanesa,,,,
phillip,,,,
caramelos,pipas,coca,,
fantoche,,,,
belden,levite,,,
pier,,,,
pier,,,,
facturas,,,,
liverpool,,,,
pebete,fernet,,,
pebete,fernet,,,
pebete,fernet,,,
pebete,fernet,,,
pebete,,,,
pebete,gin,,,
heineken,,,,
caramelos,,,,
brahma,,,,
pier,,,,
guaymayen,,,,
sprite,,,,
coca,,,,
facturas,coca,,,
belden,coca,,,
pebete,,,,
facturas,alfajor santafecino,,,
encendedor,,,,
phillip,,,,
quilmes,coca,,,
phillip,,,,
lucky,,,,
malboro,,,,
chester,coca,guaymayen,,
chester,,,,
chester,,,,
coca,,,,
chester,,,,
belden,alka,,,
phillip,alka,,,
fantoche,,,,
iguana,,,,
mentoplus,,,,
alka,,,,
sanguche miga,sprite,,,
sanguche miga,belden,caramelos,,
coca,,,,
pier,belden,,,
brahma,,,,
chester,,,,
chester,,,,
terepin,,,,
pier,sprite,,,
coca,gomitas,,,
brahma,,,,
fresh,,,,
pier,,,,
alka,,,,
pritty,fantoche,,,
baggio,sanguche de miga,,,
chester,,,,
lucky,malboro,belden,,
caramelos,,,,
caramelos,alka,liverpool,,
belden,,,,
quilmes,,,,
brahma,,,,
coca,,,,
fantoche,,,,
iguana,,,,
gomitas,,,,
agua,,,,
yerba,,,,
pebete,caramelos,,,
phillip,,,,
liverpool,,,,
pier,sprite,,,
pebete,levite,,,
heineken,,,,
coca,,,,
pebete,levite,,,
santa fe,,,,
fanta,alka,,,
coca,,,,
liverpool,,,,
stella,,,,
pitusas,,,,
pronto,facturas,,,
facturas,,,,
pebete,,,,
facturas,,,,
facturas,café,,,
chester,,,,
levite,,,,
phillip,,,,
coca,pebete,,,
lucky,,,,
sprite,,,,
pebete,coca,liverpool,,
belden,,,,
lata coca,,,,
pritty,,,,
café,mentoplus,,,
mentoplus,,,,
caramelos,,,,
chester,,,,
quilmes,,,,
brahma,,,,
chester,,,,
liverpool,,,,
pitusas,,,,
caramelos,,,,
brahma,fresh,,,
caramelos,,,,
mini oreo,,,,
caramelos,,,,
turron,,,,
caramelos,,,,
chester,,,,
mentoplus,,,,
bandeja de miga,,,,
baggio,,,,
phillip,,,,
caramelos,,,,
levite,,,,
lucky,aquarius,,,
fresh,,,,
aquarius,belden,,,
guaymayen,,,,
chester,,,,
liverpool,,,,
baggio,,,,
speed,coca,,,
caramelos,,,,
baggio,pier,,,
pipas,,,,
chester,,,,
speed,,,,
chester,,,,
fantoche,jorgito,,,
aquarius,,,,
lucky,,,,
doctor lemon,,,,
pitusas,,,,
baggio,lucky,,,
fantoche,,,,
baggio,brahma,coca,,
levite,malboro,,,
aquarius,,,,
caramelos,,,,
chester,coca,,,
monster,,,,
sanguche de milanesa,9 de oro,,,
pier,,,,
coca,,,,
sanguche de milanesa,coca,,,
chester,,,,
doctor lemon,,,,
phillip,,,,
mentoplus,,,,
liverpool,quilmes,,,
liverpool,,,,
chester,,,,
lucky,,,,
pier,,,,
lucky,,,,
phillip,,,,
fantoche,,,,
lucky,saladix,,,
brahma,lucky,,,
brahma,coca,,,
brahma,,,,
stella,,,,
liverpool,lucky,alka,,
bandeja de miga,,,,
pier,,,,
chester,,,,
doctor lemon,,,,
sanguche de miga,sprite,,,
pronto,,,,
phillip,belden,,,
malboro,,,,
belden,,,,
pronto,,,,
chester,,,,
sanguche de miga,sprite,,,
coca,,,,
brahma,,,,
quilmes,,,,
pritty,,,,
alka,,,,
cafe,bizcochos,,,
chester,belden,,,
fantoche,coca,,,
alfajor santafesino,,,,
lucky,encendedor,belden,,
chester,,,,
phillip,caramelos,,,
coca,,,,
bandeja de miga,,,,
chester,,,,
belden,agua,conitos,caramelos,
lays,conitos,,,
coca,,,,
coca,,,,
pebete,,,,
brahma,,,,
malboro,coca,,,
chester,,,,
phillip,alka,,,
coca,bandeja de miga,phillip,,
sprite,,,,
quilmes,,,,
doritos,,,,
fresh,,,,
phillip,,,,
phillip,,,,
brahma,pier,,,
lucky,,,,
caramelos,,,,
malboro,,,,
phillip,,,,
brahma,,,,
pier,alka,,,
pier,,,,
quilmes,,,,
alfajor de maicena,,,,
pritty,,,,
pebete,sanguche de miga,alka,,
quilmes,,,,
pier,alka,,,
iguana,alka,,,
quilmes,,,,
yougurt,,,,
speed,,,,
belden,,,,
chester,,,,
mentoplus,pier,,,
liverpool,,,,
mentoplus,,,,
coca,fantoche,,,
levite,caramelos,,,
fantoche,,,,
sanguche de miga,agua,,,
matecocido,,,,
liverpool,,,,
pier,polvorita,fantoche,,
caramelos,,,,
fantoche,,,,
pier,,,,
chester,,,,
pebete,sprite,,,
caramelos,,,,
chupetin,,,,
chester,,,,
pronto,,,,
pier,,,,
doctor lemon,,,,
malboro,,,,
brahma,,,,
brahma,,,,
barrita de cereales,,,,
brahma,,,,
fantoche,,,,
sprite,,,,
agua,turron,caramelos,,
pier,café,,,
encendedor,alka,,,
liverpool,,,,
phillip,,,,
phillip,alka,,,
schneider,,,,
sanguche de miga,belden,alka,,
baggio,,,,
cafe,fantoche,,,
quilmes,,,,
phillip,,,,
doctor lemon,pebete,coca,,
cofler,alka,,,
chester,,,,
quilmes,,,,
baggio,coca,,,
chupetin,gomitas,,,
sanguche de miga,agua,,,
sprite,,,,
conitos,caramelos,,,
belden,mentoplus,,,
fanta,gomitas,,,
alka,,,,
iguana,,,,
coca,belden,,,
liverpool,,,,
belden,,,,
coca,pier,,,
caramelos,,,,
baggio,fantoche,,,
malboro,,,,
malboro,,,,
chester,coca,,,
pier,,,,
caramelos,,,,
chester,,,,
baggio,,,,
agua,,,,
chester,,,,
pier,,,,
agua,,,,
chester,,,,
caramelos,,,,
pebete,,,,
sprite,,,,
chester,,,,
pebete,levite,,,
chester,,,,
iguana,,,,
lata coca,,,,
gancia,,,,
polvorita,,,,
agua,,,,
coca,turron,,,
schneider,,,,
lucky,,,,
pebete,coca,,,
phillip,,,,
lays,chester,,,
aquarius,,,,
schneider,,,,
pier,,,,
malboro,,,,
liverpool,,,,
pier,,,,
pebete,coca,,,
sprite,,,,
fantoche,,,,
chester,,,,
sanguche de milanesa,belden,cerealeses,,
belden,,,,
pier,,,,
mentoplus,,,,
quilmes,,,,
phillip,alfajor de maicena,,,
liverpool,,,,
pier,,,,
quilmes,chester,,,
lucky,,,,
lucky,alka,,,
pier,,,,
belden,mentoplus,,,
phillip,,,,
pier,,,,
quilmes,sanguche de milanesa,,,
quilmes,caramelos,,,
quilmes,,,,
chester,,,,
belden,pañuelos,fantoche,,
phillip,,,,
stella,9 de oro,,,
alka,,,,
guaymayen,,,,
pier,,,,
malboro,,,,
sanguche de miga,,,,
guaymayen,,,,
malboro,,,,
phillip,alka,,,
brahma,coca,,,
doctor lemon,,,,
terepin,,,,
fantoche,,,,
iguana,pebete,,,
quilmes,gomitas,,,
philip,alka,,,
lincon,,,,
pebete,yerba,,,
postre,dos corazones,,,
sanguche de milanesa,,,,
chester,,,,
guaymayen,coca,,,
pier,,,,
turron,,,,
liverpool,,,,
levite,alka,,,
pebete,coca,,,
aquarius,,,,
aquarius,,,,
chester,,,,
guaymayen,pier,levite,,
coca,,,,
polvorita,caramelos,gatorade,,
agua,,,,
pier,caramelos,,,
malboro,,,,
sanguche de milanesa,,,,
pier,,,,
sanguche de milanesa,sprite,,,
caramelos,,,,
fanta,,,,
fantoche,,,,
lucky,,,,
baggio,,,,
alka,mentoplus,,,
lucky,,,,
pier,,,,
paseo,,,,
schneider,sanguche de milanesa,,,
pier,guaymayen,coca,,
coca,,,,
pier,block,,,
vocacion,mentoplus,,,
pritty,,,,
coca,alka,,,
levite,,,,
chester,opera,,,
malboro,,,,
alfajor de maicena,coca,,,
heineken,phillip,belden,,
quilmes,,,,
polvorita,,,,
brahma,,,,
coca,,,,
liverpool,,,,
belden,caramelos,,,
schneider,,,,
alfajor santafesino,sprite,,,
stella,,,,
gancia,,,,
pier,,,,
gomitas,,,,
coca,,,,
pebete,caramelos,,,
pier,,,,
fernet,,,,
chester,,,,
pier,,,,
liverpool,,,,
liverpool,,,,
pebete,coca,,,
fantoche,,,,
coca,,,,
brahma,,,,
corona,lays,encendedor,,
malboro,,,,
pier,alka,,,
pebete,,,,
liverpool,,,,
lucky,,,,
chester,,,,
yougurt,cereales,,,
schneider,,,,
fantoche,,,,
polvorita,,,,
campeon,,,,
mentoplus,,,,
liverpool,,,,
guaymayen,,,,
sanguche de miga,block,,,
chester,,,,
mentoplus,sprite,,,
caramelos,,,,
liverpool,,,,
aquarius,,,,
iguana,,,,
baggio,fantoche,,,
sanguche de milanesa,,,,
pier,,,,
brahma,,,,
lays,coca,belden,,
pebete,,,,
pier,,,,
schneider,,,,
guaymayen,,,,
baggio,,,,
lucky,,,,
coca,,,,
sanguche de milanesa,brahma,,,
liverpool,,,,
phillip,,,,
phillip,encendedor,,,
malboro,,,,
lucky,,,,
agua,,,,
liverpool,,,,
brahma,,,,
tarta,sanguche de milanesa,,,
encendedor,,,,
liverpool,,,,
bandeja de miga,dos corazones,,,
sanguche de miga,coca,,,
coca,,,,
mentoplus,alka,,,
alfajor de maicena,,,,
paseo,,,,
coca,,,,
pritty,,,,
brahma,,,,
fantoche,,,,
phillip,,,,
phillip,,,,
lincon,,,,
malboro,,,,
coca,sanguche de milanesa,phillip,,
pebete,,,,
fresh,,,,
lucky,,,,
gancia,belden,alka,,
belden,,,,
lucky,alka,,,
liverpool,gomitas,,,
liverpool,,,,
iguana,,,,
yerba,,,,
brahma,,,,
caramelos,,,,
malboro,facturas,,,
coca,,,,
levite,,,,
yougurt,,,,
pier,,,,
cafe,,,,
fanta,,,,
liverpool,,,,
malboro,,,,
belden,,,,
pier,,,,
mentoplus,,,,
caramelos,,,,
yerba,,,,
lata coca,,,,
topline,lucky,,,
phillip,,,,
turron,coca,,,
coca,lays,mentoplus,,
levite,,,,
belden,,,,
bandeja de miga,levite,,,
chester,,,,
phillip,,,,
phillip,guaymayen,,,
levite,,,,
fernet,,,,
pitusas,,,,
pronto,,,,
saladix,,,,
don satur,matecocido,alfajor de maicena,,
iguana,,,,
liverpool,,,,
levite,,,,
quilmes,,,,
coca,,,,
alfajor block,don satur,,,
liverpool,,,,
pier,sprite,,,
belden,,,,
coca,liverpool,,,
fresh,malboro,,,
mentoplus,,,,
coca,guaymayen,,,
bandeja de miga,,,,
saladix,,,,
phillip,,,,
phillip,guaymayen,,,
fantoche,,,,
iguana,,,,
caramelos,,,,
phillip,,,,
lucky,,,,
pebete,,,,
phillip,,,,
caramelos,,,,
liverpool,,,,
santa fe,,,,
coca,fantoche,chester,,
lucky,,,,
